id,timestamp,iso_time,device_id,temperature_c,humidity_pct,soil_moisture_pct,light_lux,alert_flag,alert_reason,source
101,1789529877.735,2026-09-16T03:37:57.735080+00:00,GH-SENSOR-01,17.72,77.94,63.58,23.7,0,,unverified
102,1789530777.735,2026-09-16T03:52:57.735080+00:00,GH-SENSOR-01,17.19,77.85,63.71,12.2,0,,unverified
103,1789531677.735,2026-09-16T04:07:57.735080+00:00,GH-SENSOR-01,17.61,78.66,62.05,49.6,0,,unverified
104,1789532577.735,2026-09-16T04:22:57.735080+00:00,GH-SENSOR-01,17.96,78.74,61.79,60.9,0,,unverified
105,1789533477.735,2026-09-16T04:37:57.735080+00:00,GH-SENSOR-01,17.71,78.27,60.71,63.3,0,,unverified
106,1789534377.735,2026-09-16T04:52:57.735080+00:00,GH-SENSOR-01,17.87,78.61,60.71,46.3,0,,unverified
107,1789535277.735,2026-09-16T05:07:57.735080+00:00,GH-SENSOR-01,17.6,76.78,59.35,0.0,0,,unverified
108,1789536177.735,2026-09-16T05:22:57.735080+00:00,GH-SENSOR-01,17.73,77.82,59.38,0.0,0,,unverified
109,1789537077.735,2026-09-16T05:37:57.735080+00:00,GH-SENSOR-01,17.62,78.89,58.75,28.0,0,,unverified
110,1789537977.735,2026-09-16T05:52:57.735080+00:00,GH-SENSOR-01,18.25,78.51,58.38,23.9,0,,unverified
111,1789538877.735,2026-09-16T06:07:57.735080+00:00,GH-SENSOR-01,17.66,77.35,57.24,117.3,0,,unverified
112,1789539777.735,2026-09-16T06:22:57.735080+00:00,GH-SENSOR-01,19.11,77.79,56.96,531.4,0,,unverified
113,1789540677.735,2026-09-16T06:37:57.735080+00:00,GH-SENSOR-01,18.84,75.13,56.29,927.4,0,,unverified
114,1789541577.735,2026-09-16T06:52:57.735080+00:00,GH-SENSOR-01,19.82,73.8,57.29,1327.7,0,,unverified
115,1789542477.735,2026-09-16T07:07:57.735080+00:00,GH-SENSOR-01,20.32,70.81,57.18,1787.7,0,,unverified
116,1789543377.735,2026-09-16T07:22:57.735080+00:00,GH-SENSOR-01,21.37,70.48,57.33,2208.7,0,,unverified
117,1789544277.735,2026-09-16T07:37:57.735080+00:00,GH-SENSOR-01,21.05,71.09,57.25,2657.5,0,,unverified
118,1789545177.735,2026-09-16T07:52:57.735080+00:00,GH-SENSOR-01,22.85,67.2,57.12,3105.4,0,,unverified
119,1789546077.735,2026-09-16T08:07:57.735080+00:00,GH-SENSOR-01,22.5,67.35,56.81,3703.0,0,,unverified
120,1789546977.735,2026-09-16T08:22:57.735080+00:00,GH-SENSOR-01,23.16,66.39,57.0,4031.5,0,,unverified
121,1789547877.735,2026-09-16T08:37:57.735080+00:00,GH-SENSOR-01,23.84,64.45,56.49,4557.7,0,,unverified
122,1789548777.735,2026-09-16T08:52:57.735080+00:00,GH-SENSOR-01,24.98,67.17,55.72,4949.4,0,,unverified
123,1789549677.735,2026-09-16T09:07:57.735080+00:00,GH-SENSOR-01,35.98,47.46,55.9,5297.9,1,high_temperature,unverified
124,1789550577.735,2026-09-16T09:22:57.735080+00:00,GH-SENSOR-01,26.54,63.24,55.7,5766.9,0,,unverified
125,1789551477.735,2026-09-16T09:37:57.735080+00:00,GH-SENSOR-01,25.47,61.93,55.25,6100.4,0,,unverified
126,1789552377.735,2026-09-16T09:52:57.735080+00:00,GH-SENSOR-01,26.0,59.49,54.98,6386.7,0,,unverified
127,1789553277.735,2026-09-16T10:07:57.735080+00:00,GH-SENSOR-01,26.27,58.91,55.25,6619.4,0,,unverified
128,1789554177.735,2026-09-16T10:22:57.735080+00:00,GH-SENSOR-01,27.4,58.13,54.99,6926.8,0,,unverified
129,1789555077.735,2026-09-16T10:37:57.735080+00:00,GH-SENSOR-01,27.05,56.68,54.78,7122.6,0,,unverified
130,1789555977.735,2026-09-16T10:52:57.735080+00:00,GH-SENSOR-01,28.68,57.52,55.27,7463.2,0,,unverified
131,1789556877.735,2026-09-16T11:07:57.735080+00:00,GH-SENSOR-01,28.34,56.68,54.69,7544.8,0,,unverified
132,1789557777.735,2026-09-16T11:22:57.735080+00:00,GH-SENSOR-01,28.4,55.82,54.9,7737.5,0,,unverified
133,1789558677.735,2026-09-16T11:37:57.735080+00:00,GH-SENSOR-01,28.99,56.05,54.33,7730.2,0,,unverified
134,1789559577.735,2026-09-16T11:52:57.735080+00:00,GH-SENSOR-01,28.08,58.23,53.83,7875.0,0,,unverified
135,1789560477.735,2026-09-16T12:07:57.735080+00:00,GH-SENSOR-01,27.94,56.73,53.51,7794.4,0,,unverified
136,1789561377.735,2026-09-16T12:22:57.735080+00:00,GH-SENSOR-01,28.22,55.79,53.9,7787.3,0,,unverified
137,1789562277.735,2026-09-16T12:37:57.735080+00:00,GH-SENSOR-01,27.52,59.06,54.15,7683.5,0,,unverified
138,1789563177.735,2026-09-16T12:52:57.735080+00:00,GH-SENSOR-01,27.46,58.96,53.88,7599.0,0,,unverified
139,1789564077.735,2026-09-16T13:07:57.735080+00:00,GH-SENSOR-01,27.55,57.3,53.81,7398.4,0,,unverified
140,1789564977.735,2026-09-16T13:22:57.735080+00:00,GH-SENSOR-01,27.67,59.12,53.51,7220.4,0,,unverified
141,1789565877.735,2026-09-16T13:37:57.735080+00:00,GH-SENSOR-01,27.43,58.44,52.08,6980.0,0,,unverified
142,1789566777.735,2026-09-16T13:52:57.735080+00:00,GH-SENSOR-01,26.48,58.92,52.43,6693.4,0,,unverified
143,1789567677.735,2026-09-16T14:07:57.735080+00:00,GH-SENSOR-01,26.13,59.43,52.79,6416.0,0,,unverified
144,1789568577.735,2026-09-16T14:22:57.735080+00:00,GH-SENSOR-01,27.23,59.51,52.61,6082.3,0,,unverified
145,1789569477.735,2026-09-16T14:37:57.735080+00:00,GH-SENSOR-01,25.57,61.2,53.48,5711.3,0,,unverified
146,1789570377.735,2026-09-16T14:52:57.735080+00:00,GH-SENSOR-01,24.28,60.58,52.79,5322.7,0,,unverified
147,1789571277.735,2026-09-16T15:07:57.735080+00:00,GH-SENSOR-01,24.44,63.26,52.21,4900.8,0,,unverified
148,1789572177.735,2026-09-16T15:22:57.735080+00:00,GH-SENSOR-01,23.63,64.68,51.73,4520.3,0,,unverified
149,1789573077.735,2026-09-16T15:37:57.735080+00:00,GH-SENSOR-01,22.85,68.09,51.47,4127.1,0,,unverified
150,1789573977.735,2026-09-16T15:52:57.735080+00:00,GH-SENSOR-01,22.76,68.55,19.19,3682.6,1,dry_soil,unverified
151,1789574877.735,2026-09-16T16:07:57.735080+00:00,GH-SENSOR-01,21.53,67.96,18.94,3177.4,1,dry_soil,unverified
152,1789575777.735,2026-09-16T16:22:57.735080+00:00,GH-SENSOR-01,21.43,68.35,18.42,2745.9,1,dry_soil,unverified
153,1789576677.735,2026-09-16T16:37:57.735080+00:00,GH-SENSOR-01,20.04,71.43,68.67,2317.8,0,,unverified
154,1789577577.735,2026-09-16T16:52:57.735080+00:00,GH-SENSOR-01,19.43,73.9,69.0,1778.2,0,,unverified
155,1789578477.735,2026-09-16T17:07:57.735080+00:00,GH-SENSOR-01,18.56,73.11,69.91,1310.7,0,,unverified
156,1789579377.735,2026-09-16T17:22:57.735080+00:00,GH-SENSOR-01,18.39,74.71,68.67,908.3,0,,unverified
157,1789580277.735,2026-09-16T17:37:57.735080+00:00,GH-SENSOR-01,18.25,77.01,68.19,561.5,0,,unverified
158,1789581177.735,2026-09-16T17:52:57.735080+00:00,GH-SENSOR-01,17.74,78.98,67.7,147.8,0,,unverified
159,1789582077.735,2026-09-16T18:07:57.735080+00:00,GH-SENSOR-01,17.88,78.18,66.61,28.6,0,,unverified
160,1789582977.735,2026-09-16T18:22:57.735080+00:00,GH-SENSOR-01,18.07,79.36,66.13,34.9,0,,unverified
161,1789583877.735,2026-09-16T18:37:57.735080+00:00,GH-SENSOR-01,18.03,78.21,66.3,0.0,0,,unverified
162,1789584777.735,2026-09-16T18:52:57.735080+00:00,GH-SENSOR-01,17.98,74.34,65.45,46.1,0,,unverified
163,1789585677.735,2026-09-16T19:07:57.735080+00:00,GH-SENSOR-01,17.99,76.97,65.18,0.0,0,,unverified
164,1789586577.735,2026-09-16T19:22:57.735080+00:00,GH-SENSOR-01,17.68,74.48,64.95,44.1,0,,unverified
165,1789587477.735,2026-09-16T19:37:57.735080+00:00,GH-SENSOR-01,17.02,78.63,64.01,25.6,0,,unverified
166,1789588377.735,2026-09-16T19:52:57.735080+00:00,GH-SENSOR-01,17.7,75.15,64.31,48.1,0,,unverified
167,1789589277.735,2026-09-16T20:07:57.735080+00:00,GH-SENSOR-01,18.08,74.53,63.64,28.9,0,,unverified
168,1789590177.735,2026-09-16T20:22:57.735080+00:00,GH-SENSOR-01,17.62,79.31,62.99,13.4,0,,unverified
169,1789591077.735,2026-09-16T20:37:57.735080+00:00,GH-SENSOR-01,12.41,77.47,62.71,5.6,1,low_temperature,unverified
170,1789591977.735,2026-09-16T20:52:57.735080+00:00,GH-SENSOR-01,17.68,77.46,63.29,0.0,0,,unverified
171,1789592877.735,2026-09-16T21:07:57.735080+00:00,GH-SENSOR-01,18.09,79.4,62.9,20.3,0,,unverified
172,1789593777.735,2026-09-16T21:22:57.735080+00:00,GH-SENSOR-01,17.94,78.6,62.86,94.9,0,,unverified
173,1789594677.735,2026-09-16T21:37:57.735080+00:00,GH-SENSOR-01,17.14,79.84,61.86,51.7,0,,unverified
174,1789595577.735,2026-09-16T21:52:57.735080+00:00,GH-SENSOR-01,17.36,77.19,61.89,0.0,0,,unverified
175,1789596477.735,2026-09-16T22:07:57.735080+00:00,GH-SENSOR-01,17.97,79.17,60.76,0.0,0,,unverified
176,1789597377.735,2026-09-16T22:22:57.735080+00:00,GH-SENSOR-01,17.53,77.24,60.21,0.0,0,,unverified
177,1789598277.735,2026-09-16T22:37:57.735080+00:00,GH-SENSOR-01,17.65,75.84,60.43,70.7,0,,unverified
178,1789599177.735,2026-09-16T22:52:57.735080+00:00,GH-SENSOR-01,17.35,75.99,59.61,55.6,0,,unverified
179,1789600077.735,2026-09-16T23:07:57.735080+00:00,GH-SENSOR-01,17.68,78.16,58.73,132.0,0,,unverified
180,1789600977.735,2026-09-16T23:22:57.735080+00:00,GH-SENSOR-01,17.71,78.95,58.02,0.0,0,,unverified
181,1790556088.819,2026-09-28T00:41:28.819356+00:00,GH-SENSOR-01,18.56,77.33,61.4,0.0,0,,simulator
182,1790556988.819,2026-09-28T00:56:28.819356+00:00,GH-SENSOR-01,17.31,79.77,59.77,44.9,0,,simulator
183,1790557888.819,2026-09-28T01:11:28.819356+00:00,GH-SENSOR-01,17.64,79.19,59.85,0.0,0,,simulator
184,1790558788.819,2026-09-28T01:26:28.819356+00:00,GH-SENSOR-01,17.66,77.09,58.87,124.6,0,,simulator
185,1790559688.819,2026-09-28T01:41:28.819356+00:00,GH-SENSOR-01,17.37,76.56,58.27,0.0,0,,simulator
186,1790560588.819,2026-09-28T01:56:28.819356+00:00,GH-SENSOR-01,18.47,77.19,57.53,2.6,0,,simulator
187,1790561488.819,2026-09-28T02:11:28.819356+00:00,GH-SENSOR-01,18.26,78.06,57.3,15.2,0,,simulator
188,1790562388.819,2026-09-28T02:26:28.819356+00:00,GH-SENSOR-01,17.67,77.11,56.59,65.8,0,,simulator
189,1790563288.819,2026-09-28T02:41:28.819356+00:00,GH-SENSOR-01,17.3,79.99,55.93,3.8,0,,simulator
190,1790564188.819,2026-09-28T02:56:28.819356+00:00,GH-SENSOR-01,17.6,78.97,56.59,0.1,0,,simulator
191,1790565088.819,2026-09-28T03:11:28.819356+00:00,GH-SENSOR-01,18.05,78.01,57.15,47.2,0,,simulator
192,1790565988.819,2026-09-28T03:26:28.819356+00:00,GH-SENSOR-01,17.75,78.69,57.4,32.9,0,,simulator
193,1790566888.819,2026-09-28T03:41:28.819356+00:00,GH-SENSOR-01,17.73,78.94,57.99,0.0,0,,simulator
194,1790567788.819,2026-09-28T03:56:28.819356+00:00,GH-SENSOR-01,17.86,76.78,57.05,22.6,0,,simulator
195,1790568688.819,2026-09-28T04:11:28.819356+00:00,GH-SENSOR-01,17.26,78.96,57.41,44.4,0,,simulator
196,1790569588.819,2026-09-28T04:26:28.819356+00:00,GH-SENSOR-01,18.35,81.76,56.97,0.0,1,high_humidity,simulator
197,1790570488.819,2026-09-28T04:41:28.819356+00:00,GH-SENSOR-01,16.82,77.2,56.16,15.7,0,,simulator
198,1790571388.819,2026-09-28T04:56:28.819356+00:00,GH-SENSOR-01,17.1,73.77,55.13,0.0,0,,simulator
199,1790572288.819,2026-09-28T05:11:28.819356+00:00,GH-SENSOR-01,17.01,74.71,55.28,38.0,0,,simulator
200,1790573188.819,2026-09-28T05:26:28.819356+00:00,GH-SENSOR-01,17.47,76.28,55.18,59.4,0,,simulator
201,1790574088.819,2026-09-28T05:41:28.819356+00:00,GH-SENSOR-01,17.42,78.71,54.65,9.0,0,,simulator
202,1790574988.819,2026-09-28T05:56:28.819356+00:00,GH-SENSOR-01,17.45,80.24,54.49,69.9,1,high_humidity,simulator
203,1790575888.819,2026-09-28T06:11:28.819356+00:00,GH-SENSOR-01,25.95,58.38,54.03,251.2,0,,simulator
204,1790576788.819,2026-09-28T06:26:28.819356+00:00,GH-SENSOR-01,17.77,75.93,55.24,681.0,0,,simulator
205,1790577688.819,2026-09-28T06:41:28.819356+00:00,GH-SENSOR-01,18.85,75.36,55.54,1045.8,0,,simulator
206,1790578588.819,2026-09-28T06:56:28.819356+00:00,GH-SENSOR-01,19.46,76.08,54.6,1427.7,0,,simulator
207,1790579488.819,2026-09-28T07:11:28.819356+00:00,GH-SENSOR-01,19.79,73.06,53.77,1928.6,0,,simulator
208,1790580388.819,2026-09-28T07:26:28.819356+00:00,GH-SENSOR-01,21.48,70.65,53.51,2318.6,0,,simulator
209,1790581288.819,2026-09-28T07:41:28.819356+00:00,GH-SENSOR-01,22.08,69.08,53.57,2787.8,0,,simulator
210,1790582188.819,2026-09-28T07:56:28.819356+00:00,GH-SENSOR-01,21.54,69.91,53.2,3354.3,0,,simulator
211,1790583088.819,2026-09-28T08:11:28.819356+00:00,GH-SENSOR-01,21.86,69.93,52.87,3737.3,0,,simulator
212,1790583988.819,2026-09-28T08:26:28.819356+00:00,GH-SENSOR-01,23.05,66.88,52.92,4136.1,0,,simulator
213,1790584888.819,2026-09-28T08:41:28.819356+00:00,GH-SENSOR-01,24.06,62.89,52.1,4666.6,0,,simulator
214,1790585788.819,2026-09-28T08:56:28.819356+00:00,GH-SENSOR-01,24.25,66.02,51.37,5136.8,0,,simulator
215,1790586688.819,2026-09-28T09:11:28.819356+00:00,GH-SENSOR-01,24.89,61.05,52.15,5505.8,0,,simulator
216,1790587588.819,2026-09-28T09:26:28.819356+00:00,GH-SENSOR-01,25.05,61.16,51.28,5806.5,0,,simulator
217,1790588488.819,2026-09-28T09:41:28.819356+00:00,GH-SENSOR-01,25.65,56.84,52.05,6233.5,0,,simulator
218,1790589388.819,2026-09-28T09:56:28.819356+00:00,GH-SENSOR-01,26.72,59.81,51.6,6440.9,0,,simulator
219,1790590288.819,2026-09-28T10:11:28.819356+00:00,GH-SENSOR-01,27.29,59.52,51.9,6775.6,0,,simulator
220,1790591188.819,2026-09-28T10:26:28.819356+00:00,GH-SENSOR-01,28.28,55.25,52.3,7025.5,0,,simulator
221,1790592088.819,2026-09-28T10:41:28.819356+00:00,GH-SENSOR-01,28.03,56.29,51.88,7291.9,0,,simulator
222,1790592988.819,2026-09-28T10:56:28.819356+00:00,GH-SENSOR-01,27.56,53.13,52.29,7445.5,0,,simulator
223,1790593888.819,2026-09-28T11:11:28.819356+00:00,GH-SENSOR-01,27.98,59.45,51.89,7608.2,0,,simulator
224,1790594788.819,2026-09-28T11:26:28.819356+00:00,GH-SENSOR-01,28.95,54.81,51.96,7694.0,0,,simulator
225,1790595688.819,2026-09-28T11:41:28.819356+00:00,GH-SENSOR-01,27.56,52.58,51.82,7770.3,0,,simulator
226,1790596588.819,2026-09-28T11:56:28.819356+00:00,GH-SENSOR-01,27.88,54.86,50.93,7725.8,0,,simulator
227,1790597488.819,2026-09-28T12:11:28.819356+00:00,GH-SENSOR-01,28.1,55.93,50.78,7748.3,0,,simulator
228,1790598388.819,2026-09-28T12:26:28.819356+00:00,GH-SENSOR-01,28.67,56.78,50.42,7792.9,0,,simulator
229,1790599288.819,2026-09-28T12:41:28.819356+00:00,GH-SENSOR-01,28.72,55.65,50.7,7695.6,0,,simulator
230,1790600188.819,2026-09-28T12:56:28.819356+00:00,GH-SENSOR-01,28.51,56.12,20.37,7611.3,1,dry_soil,simulator
231,1790601088.819,2026-09-28T13:11:28.819356+00:00,GH-SENSOR-01,27.69,57.04,20.25,7367.4,1,dry_soil,simulator
232,1790601988.819,2026-09-28T13:26:28.819356+00:00,GH-SENSOR-01,28.6,56.95,19.49,7180.3,1,dry_soil,simulator
233,1790602888.819,2026-09-28T13:41:28.819356+00:00,GH-SENSOR-01,26.87,58.6,70.5,6940.7,0,,simulator
234,1790603788.819,2026-09-28T13:56:28.819356+00:00,GH-SENSOR-01,26.58,61.5,70.17,6621.1,0,,simulator
235,1790604688.819,2026-09-28T14:11:28.819356+00:00,GH-SENSOR-01,25.54,60.59,69.48,6354.4,0,,simulator
236,1790605588.819,2026-09-28T14:26:28.819356+00:00,GH-SENSOR-01,27.13,58.6,69.31,5983.2,0,,simulator
237,1790606488.819,2026-09-28T14:41:28.819356+00:00,GH-SENSOR-01,25.19,58.69,68.61,5619.7,0,,simulator
238,1790607388.819,2026-09-28T14:56:28.819356+00:00,GH-SENSOR-01,24.36,61.01,68.52,5222.8,0,,simulator
239,1790608288.819,2026-09-28T15:11:28.819356+00:00,GH-SENSOR-01,24.64,63.37,68.98,4865.3,0,,simulator
240,1790609188.819,2026-09-28T15:26:28.819356+00:00,GH-SENSOR-01,23.44,66.71,69.05,4449.1,0,,simulator
241,1790610088.819,2026-09-28T15:41:28.819356+00:00,GH-SENSOR-01,22.78,66.44,68.83,4053.5,0,,simulator
242,1790610988.819,2026-09-28T15:56:28.819356+00:00,GH-SENSOR-01,22.78,69.74,68.57,3482.0,0,,simulator
243,1790611888.819,2026-09-28T16:11:28.819356+00:00,GH-SENSOR-01,21.59,68.21,67.92,3074.8,0,,simulator
244,1790612788.819,2026-09-28T16:26:28.819356+00:00,GH-SENSOR-01,21.03,71.41,67.98,2618.4,0,,simulator
245,1790613688.819,2026-09-28T16:41:28.819356+00:00,GH-SENSOR-01,20.46,73.29,68.32,2140.8,0,,simulator
246,1790614588.819,2026-09-28T16:56:28.819356+00:00,GH-SENSOR-01,19.19,73.58,67.56,1676.4,0,,simulator
247,1790615488.819,2026-09-28T17:11:28.819356+00:00,GH-SENSOR-01,18.39,73.46,67.2,1157.7,0,,simulator
248,1790616388.819,2026-09-28T17:26:28.819356+00:00,GH-SENSOR-01,17.82,77.33,67.16,880.8,0,,simulator
249,1790617288.819,2026-09-28T17:41:28.819356+00:00,GH-SENSOR-01,13.72,79.42,67.14,13.2,1,low_temperature,simulator
250,1790618188.819,2026-09-28T17:56:28.819356+00:00,GH-SENSOR-01,17.42,77.29,67.42,76.0,0,,simulator
251,1790619088.819,2026-09-28T18:11:28.819356+00:00,GH-SENSOR-01,17.76,78.61,67.25,51.1,0,,simulator
252,1790619988.819,2026-09-28T18:26:28.819356+00:00,GH-SENSOR-01,17.9,78.53,67.18,0.5,0,,simulator
253,1790620888.819,2026-09-28T18:41:28.819356+00:00,GH-SENSOR-01,17.41,79.08,66.5,107.4,0,,simulator
254,1790621788.819,2026-09-28T18:56:28.819356+00:00,GH-SENSOR-01,17.41,80.28,65.78,34.6,1,high_humidity,simulator
255,1790622688.819,2026-09-28T19:11:28.819356+00:00,GH-SENSOR-01,18.21,76.3,65.38,35.9,0,,simulator
256,1790623588.819,2026-09-28T19:26:28.819356+00:00,GH-SENSOR-01,17.18,77.96,65.51,76.9,0,,simulator
257,1790624488.819,2026-09-28T19:41:28.819356+00:00,GH-SENSOR-01,17.85,75.62,64.93,53.9,0,,simulator
258,1790625388.819,2026-09-28T19:56:28.819356+00:00,GH-SENSOR-01,17.36,80.74,64.62,7.9,1,high_humidity,simulator
259,1790626288.819,2026-09-28T20:11:28.819356+00:00,GH-SENSOR-01,17.93,80.51,63.77,28.1,1,high_humidity,simulator
260,1790627188.819,2026-09-28T20:26:28.819356+00:00,GH-SENSOR-01,17.65,78.02,62.95,24.0,0,,simulator
