period,zone_id,hours,temperature_mean_c,temperature_min_c,temperature_max_c,humidity_mean_pct,soil_moisture_mean_pct,light_mean_lux,temp_within_pct,humidity_within_pct,soil_within_pct,all_within_pct,outside_target_pct,outdoor_mean_c,zone
2025-10,lettuce-zone,744,18.41,15.09,23.07,69.21,68.67,11783.07,91.67,94.89,100.0,86.69,13.31,14.1,Lettuce
2025-10,seedling-zone,744,20.54,18.21,24.93,70.02,74.17,11783.07,94.89,98.52,100.0,93.41,6.59,14.1,Seedlings
2025-10,tomato-zone,744,22.68,20.3,28.33,60.87,63.61,11783.07,99.46,97.04,100.0,96.51,3.49,14.1,Tomatoes
2025-11,lettuce-zone,721,17.12,15.15,22.49,65.44,69.07,8143.31,99.58,98.89,100.0,98.47,1.53,8.68,Lettuce
2025-11,seedling-zone,721,19.68,18.21,23.85,67.64,74.7,8143.31,100.0,86.55,100.0,86.55,13.45,8.68,Seedlings
2025-11,tomato-zone,721,21.64,20.17,27.22,58.62,63.99,8143.31,100.0,98.89,100.0,98.89,1.11,8.68,Tomatoes
2025-12,lettuce-zone,744,16.33,15.3,20.54,63.22,70.05,5948.35,100.0,96.1,100.0,96.1,3.9,1.55,Lettuce
2025-12,seedling-zone,744,19.24,18.08,22.01,65.6,75.04,5948.35,100.0,67.34,100.0,67.34,32.66,1.55,Seedlings
2025-12,tomato-zone,744,21.22,20.24,22.82,57.87,65.01,5948.35,100.0,93.55,100.0,93.55,6.45,1.55,Tomatoes
2026-01,lettuce-zone,744,16.33,15.12,21.06,62.47,69.58,7513.3,100.0,83.6,100.0,83.6,16.4,-0.77,Lettuce
2026-01,seedling-zone,744,19.22,17.7,22.86,62.91,74.54,7513.3,99.6,49.19,100.0,49.19,50.81,-0.77,Seedlings
2026-01,tomato-zone,744,21.15,17.72,24.39,56.48,64.5,7513.3,97.85,77.02,100.0,77.02,22.98,-0.77,Tomatoes
2026-02,lettuce-zone,672,16.5,15.26,22.1,62.73,68.97,10290.27,99.85,91.82,100.0,91.67,8.33,0.15,Lettuce
2026-02,seedling-zone,672,19.38,18.09,23.39,65.24,74.12,10290.27,100.0,71.13,100.0,71.13,28.87,0.15,Seedlings
2026-02,tomato-zone,672,21.34,20.18,27.45,57.23,63.8,10290.27,100.0,87.5,100.0,87.5,12.5,0.15,Tomatoes
2026-03,lettuce-zone,743,18.08,14.86,23.37,66.09,68.72,13031.76,92.6,97.58,100.0,90.17,9.83,10.57,Lettuce
2026-03,seedling-zone,743,20.4,18.17,25.03,68.17,73.33,13031.76,94.48,89.1,100.0,83.98,16.02,10.57,Seedlings
2026-03,tomato-zone,743,22.42,20.02,28.39,59.3,63.37,13031.76,98.65,98.52,100.0,97.17,2.83,10.57,Tomatoes
2026-04,lettuce-zone,720,19.26,15.12,24.46,68.21,67.36,17474.72,82.36,97.08,100.0,80.28,19.72,15.53,Lettuce
2026-04,seedling-zone,720,21.21,18.15,26.13,69.2,72.9,17474.72,85.97,96.39,100.0,82.36,17.64,15.53,Seedlings
2026-04,tomato-zone,720,23.42,20.19,29.4,60.33,61.82,17474.72,93.33,97.92,100.0,91.39,8.61,15.53,Tomatoes
2026-05,lettuce-zone,744,19.92,15.27,27.07,70.92,66.99,18784.48,74.19,90.32,100.0,66.53,33.47,17.58,Lettuce
2026-05,seedling-zone,744,21.64,18.31,26.74,72.14,72.39,18784.48,80.65,97.72,100.0,78.63,21.37,17.58,Seedlings
2026-05,tomato-zone,744,23.8,20.17,29.77,63.43,61.42,18784.48,91.94,95.3,100.0,87.5,12.5,17.58,Tomatoes
2026-06,lettuce-zone,720,22.19,15.33,28.52,74.12,66.56,21676.89,45.56,81.53,100.0,40.28,59.72,23.41,Lettuce
2026-06,seedling-zone,720,23.27,18.19,28.35,74.58,70.89,21676.89,64.17,90.56,100.0,56.11,43.89,23.41,Seedlings
2026-06,tomato-zone,720,25.46,20.15,29.41,66.26,60.16,21676.89,80.42,87.78,100.0,68.61,31.39,23.41,Tomatoes
2026-07,lettuce-zone,744,23.87,16.91,30.94,78.6,66.47,20779.65,25.13,73.25,100.0,17.74,82.26,25.13,Lettuce
2026-07,seedling-zone,744,24.4,18.35,30.76,78.86,70.15,20779.65,47.72,82.12,99.46,34.81,65.19,25.13,Seedlings
2026-07,tomato-zone,744,26.11,20.57,30.51,71.71,60.56,20779.65,79.17,77.42,100.0,58.06,41.94,25.13,Tomatoes
2026-08,lettuce-zone,744,23.62,17.26,28.96,78.84,67.12,18229.65,22.58,71.91,100.0,14.52,85.48,24.64,Lettuce
2026-08,seedling-zone,744,24.06,18.69,28.7,79.26,71.51,18229.65,48.52,84.95,100.0,40.05,59.95,24.64,Seedlings
2026-08,tomato-zone,744,25.93,20.44,29.78,71.96,61.39,18229.65,82.26,78.9,100.0,61.83,38.17,24.64,Tomatoes
2026-09,lettuce-zone,624,21.9,15.43,28.65,77.25,67.92,13977.23,49.2,77.56,100.0,41.19,58.81,21.77,Lettuce
2026-09,seedling-zone,624,22.81,18.27,28.24,77.61,73.04,13977.23,69.55,86.22,100.0,58.49,41.51,21.77,Seedlings
2026-09,tomato-zone,624,24.6,20.21,29.12,70.09,62.62,13977.23,93.27,83.81,100.0,77.24,22.76,21.77,Tomatoes
